Segment,Customers,AvgMonetary,TotalMonetary
Champions,102,5296.293045098039,540221.8906
Needs Attention,200,2692.638243,538527.6486
At Risk (High Value/Freq),121,4447.529852066116,538151.1121
Loyal,126,2501.866430952381,315235.1703
Hibernating,155,1102.70486,170919.2533
New / Promising,89,1780.6933460674159,158481.7078
