Segment,Customers,AvgMonetary,TotalMonetary
Needs Attention,201,2705.754494527363,543856.6534
Champions,102,5296.293045098039,540221.8906
At Risk (High Frequency),77,4203.332783116884,323656.6243
Loyal,126,2501.866430952381,315235.1703
At Risk (High Value),43,4864.313558139535,209165.483
Hibernating,155,1102.70486,170919.2533
New / Promising,89,1780.6933460674159,158481.7078
