Category,Sales,Share
Technology,827455.873,0.3658821202156695
Furniture,728658.5757,0.32219620802721155
Office Supplies,705422.334,0.3119216717571188
