Region,Sales,Share
West,710219.6845,0.31404295076380934
East,669518.726,0.2960459149378397
Central,492646.9132,0.21783723217264653
South,389151.459,0.17207390212570425
