Segment,Sales,Share
Consumer,1148060.531,0.5076461898750791
Corporate,688494.0748000001,0.30443638152018987
Home Office,424982.1769,0.18791742860473085
