Ship Mode,Sales,AvgShipDays,Orders,SalesShare
Standard Class,1340831.307,5.008363201911589,2945,0.5928850316549839
Second Class,449914.1794,3.2492113564668768,944,0.19894179163553427
First Class,345572.2573,2.179213857428381,772,0.15280417278353026
Same Day,125219.039,0.04460966542750929,261,0.05536900392595148
