Year,Sales,YoY Growth
2015,479856.2081,
2016,459436.0054,-0.04255483696012641
2017,600192.55,0.30636811861850655
2018,722052.0192,0.20303395835219873
